project_id	sku	canonical_name	short_name	category	what_it_is	who_asks_about_it	common_use_cases	how_to_use_short	what_to_expect_soft	contraindications_short	do_not_claim	when_to_escalate	price_answer_mode	primary_image_url	source_status	notes
whieda	C002-00	Увлажняющий гель Fundesee	Увлажняющий гель Fundesee	cosmetics	Увлажняющий гель Fundesee — ежедневный гель для интимной гигиены с мягким слабокислым pH около 5,13, когда обычное мыло сушит или раздражает.	Женщины, которым нужен деликатный ежедневный уход без спирта, резких ароматизаторов и агрессивных ПАВ.	обычное мыло сушит интимную зону; нужен мягкий ежедневный гель; чувствительная кожа; хочется поддерживать комфортную среду без жжения	Наносите небольшое количество на влажную кожу при душе, аккуратно смойте водой. Используйте как обычное средство гигиены, без самодельных «лечебных» схем.	Его выбирают за ощущение мягкости и более деликатного ухода по сравнению с обычным мылом или масс-маркетом.	индивидуальная непереносимость компонентов; выраженное раздражение кожи	Не обещать лечение инфекций, эрозии, бесплодия и других гинекологических диагнозов.	Сильное раздражение; подозрение на инфекцию; вопрос лечения диагноза.	structured_price	https://wwc.best/media/products/C002-00/1.jpg.webp	approved_draft	Seed 2026-08-19. Черновик для доработки владельцем. Комплаенс: без гарантий лечения. Фото: wwc.best webp.
whieda	C006-00	Омолаживающий спрей с лифтинг эффектом Fundesee	Лифтинг-спрей Fundesee	cosmetics	Омолаживающий спрей с лифтинг-эффектом — экспресс-уход для лица, который можно наносить даже поверх макияжа, когда нужен быстрый визуальный «сбор» контура.	Женщины, которым нужен быстрый уход без полноценного ритуала из нескольких средств и которые ценят формат спрея в течение дня.	к вечеру лицо выглядит уставшим; нужен быстрый уход перед встречей; не хочется тяжелого крема; хочется освежить кожу поверх макияжа	Распылите на лицо по инструкции на упаковке. Не втирайте агрессивно. Дайте средству впитаться.	Его ценят за экспресс-формат и ощущение более собранного контура без полноценного домашнего SPA-ритуала.	индивидуальная непереносимость; открытые раны или выраженное воспаление на коже	Не обещать стойкий медицинский лифтинг, удаление морщин как у инъекций или лечение кожных диагнозов.	Сильное раздражение; аллергическая реакция; вопрос лечения дерматологического диагноза.	structured_price	https://wwc.best/media/products/C006-00/1.jpg.webp	approved_draft	Seed 2026-08-19. Черновик для доработки владельцем. Комплаенс: без гарантий лечения. Фото: wwc.best webp.
whieda	C033-00	Омолаживающая маска с лифтинг эффектом Fundesee	Лифтинг-маска Fundesee	cosmetics	Омолаживающая маска с лифтинг-эффектом из гидролизованного шелка — формат «одно средство вместо нескольких», когда нужен плотный уход за лицом без длинного ритуала.	Женщины, которым нужен заметный уход за контуром лица, увлажнением и более свежим видом кожи без похода в салон.	кожа выглядит уставшей и обезвоженной; нужен лифтинг-эффект перед событием; хочется заменить несколько средств одной маской; темные круги под глазами	Нанесите маску на очищенную кожу лица по инструкции на упаковке, выдержите рекомендованное время и смойте или снимите остатки согласно формату маски.	Её ценят за ощущение более собранного контура, глубокого увлажнения и более свежего вида лица после одного применения.	индивидуальная непереносимость; открытые раны; выраженное воспаление кожи	Не обещать медицинский лифтинг, стойкое удаление морщин или лечение дерматологических диагнозов.	Сильное раздражение; аллергическая реакция; вопрос лечения кожного диагноза.	structured_price	https://wwc.best/media/products/C033-00/1.jpg.webp	approved_draft	Seed 2026-08-19. Черновик для доработки владельцем. Комплаенс: без гарантий лечения. Фото: wwc.best webp.
whieda	C061-00	Масло-эссенция Fundesee	Масло-эссенция Fundesee	cosmetics	Масло-эссенция Fundesee — концентрированный этап ухода в линейке Fundesee, который добавляют в ритуал после очищения, когда коже не хватает питания и более плотного увлажнения.	Женщины, которые уже используют или собирают набор Fundesee и хотят усилить увлажнение и ощущение более живой кожи.	кожа стянута после умывания; нужен более насыщенный этап между тоником и кремом; собираете полный набор Fundesee; сухой климат или отопительный сезон	Нанесите несколько капель на очищенную кожу лица и шеи, распределите легкими движениями, затем продолжите обычный уход кремом или эмульсией Fundesee.	Его берут как «усилитель» ритуала: кожа быстрее становится более мягкой и увлажненной, а последующий крем ложится комфортнее.	индивидуальная непереносимость масел; выраженное воспаление или открытые раны	Не обещать лечение акне, розацеа, пигментации или замену дерматологического ухода.	Сильное раздражение; обострение кожного диагноза; вопрос совместимости с лечением.	structured_price	https://wwc.best/media/products/C061-00/1.jpg.webp	approved_draft	Seed 2026-08-19. Черновик для доработки владельцем. Комплаенс: без гарантий лечения. Фото: wwc.best webp.
whieda	C065-00	Подарочный набор косметики Fundesee	Подарочный набор Fundesee	cosmetics	Подарочный набор косметики Fundesee — шестиэтапный SPA-ритуал для лица с очищением, увлажнением, сывороткой, уходом за зоной вокруг глаз и лифтинг-кремом в одной коробке.	Женщины, которые хотят полный уход из коробки. Партнёры, которым нужен понятный подарочный формат.	нужен готовый подарок с понятной ценностью; хочется собрать полный уход без подбора по отдельности; интересует линейка Fundesee целиком; домашний SPA-ритуал без салона	Используйте продукты набора по порядку ежедневного ухода: очищение, эссенция, сыворотка, крем для век, эмульсия и крем-лифтинг — по инструкции на каждом флаконе.	Набор ценят за цельный ритуал и заметное ощущение более увлажненной и «собранной» кожи при регулярном использовании.	индивидуальная непереносимость компонентов; выраженное воспаление кожи	Не обещать клинический лифтинг, стойкое удаление морщин за фиксированный срок или лечение кожных диагнозов.	Сильная аллергическая реакция; вопрос лечения дерматологического диагноза.	structured_price	https://wwc.best/media/products/C065-00/1.jpg.webp	approved_draft	Seed 2026-08-19. Черновик для доработки владельцем. Комплаенс: без гарантий лечения. Фото: wwc.best webp.
whieda	D004-00	Анионовые прокладки (ежедневные 16 упак)	Анионовые ежедневки	home_wellness	Анионовые прокладки ежедневные (16 упаковок) — тонкие ежедневные прокладки Anion+ из той же линейки, что и бокс D003, для комфорта между циклами.	Женщины, которым нужны более мягкие ежедневные прокладки с тем же подходом Anion+, что и в критические дни, но в формате ежедневной защиты.	обычные ежедневки раздражают; нужен тонкий формат на каждый день; уже нравятся анионовые прокладки D003; чувствительная кожа и важен комфорт	Используйте как обычные ежедневные прокладки по необходимости. Меняйте по комфорту, без самодельных «лечебных» сценариев.	Их выбирают за более приятное ежедневное ощущение, сухость и комфорт по сравнению с типичными прокладками из масс-маркета.	индивидуальная непереносимость компонентов; выраженное раздражение кожи	Не обещать лечение бесплодия, кист, инфекций, геморроя, простатита и других диагнозов.	Сильное раздражение; подозрение на инфекцию; вопрос лечения гинекологического диагноза.	structured_price	https://wwc.best/media/products/D004-00/1.jpg.webp	approved_draft	Seed 2026-08-19. Черновик для доработки владельцем. Комплаенс: без гарантий лечения. Фото: wwc.best webp.
whieda	D013-06	Стельки с анионами 45-46	Стельки 45–46	home_wellness	Анионовые стельки размер 45–46 — тот же продукт, что базовые стельки D013, но в конкретном размере для больших стоп, когда нужна поддержка и комфорт при ходьбе.	Люди с размером обуви 45–46, которые много ходят или стоят и уже знакомы с линейкой Health Priority / WHIEDA текстиля.	к вечеру горят стопы; нужен размер 45–46, а не универсальные стельки; тяжесть в пояснице после ходьбы; хочется поддержки стоп в рабочей обуви	Вложите стельки в повседневную или рабочую обувь, при необходимости подрежьте по контуру на обороте. Носите ежедневно как аксессуар комфорта.	Их ценят за сочетание формы, ощущения опоры и меньшей усталости ног к концу длинного дня — по тому же принципу, что и базовые стельки D013.	открытые раны на стопах; мокнущие раны; индивидуальная непереносимость материалов	Не обещать лечение плоскостопия, суставов, варикоза или ортопедическую коррекцию диагноза.	Острая травма стопы; гнойное воспаление; вопрос ортопедического лечения.	structured_price	https://wwc.best/media/products/D013-06/1.jpg.webp	approved_draft	Seed 2026-08-19. Черновик для доработки владельцем. Комплаенс: без гарантий лечения. Фото: wwc.best webp.
whieda	EU-N000014-24	Система для здорового сна 4 в 1	Сон 4-в-1	device	Система для здорового сна 4 в 1 — комплект функционального текстиля Health Priority для сна, когда хочется более глубокого отдыха и меньше ночного дискомфорта без таблеток.	Люди с поверхностным сном, частыми пробуждениями, напряжением в шее и плечах или хронической усталостью, которые ищут мягкий текстильный формат поддержки.	плохо засыпаете или часто просыпаетесь; шея и плечи напряжены к вечеру; хотите комплект для сна, а не одну вещь; уже используете палантин или Health Priority текстиль	Используйте элементы комплекта во сне по инструкции производителя: как подушечный/постельный и аксессуарный набор для зоны сна.	Комплект воспринимают как мягкий ночной ритуал: тело расслабляется легче, сон ощущается более глубоким и восстановительным.	острые воспалительные процессы кожи; индивидуальная непереносимость материалов; кардиостимулятор — уточнить у врача	Не обещать лечение бессонницы, апноэ, депрессии или замену медикаментозной терапии сна.	Хроническая бессонница; апноэ; сильная ночная боль; вопрос лечения диагноза.	structured_price	https://wwc.best/media/products/EU-N000014-24/1.jpg.webp	approved_draft	Seed 2026-08-19. Черновик для доработки владельцем. Комплаенс: без гарантий лечения. Фото: wwc.best webp.
whieda	EU-N000030-25	Зубная паста с экстрактом полыни (new)*6	Зубная паста с полынью	cosmetics	Зубная паста с экстрактом полыни (набор 6 шт) — растительная паста без фтора и SLS, когда важен более мягкий ежедневный уход за полостью рта.	Люди, которые ищут пасту без фтора и агрессивных ПАВ, и семьи, которым нужен понятный набор на несколько месяцев.	обычная паста слишком «химическая»; ищете без фтора; чувствительная слизистая; нужен семейный запас из 6 туб	Чистите зубы как обычной пастой утром и вечером небольшим количеством на щетке. Не глотайте.	Её выбирают за более мягкое очищение и растительный состав без резкого «мыльного» ощущения во рту.	индивидуальная непереносимость компонентов; аллергия на полынь или травы	Не обещать лечение кариеса, пульпита, пародонтита или замену стоматологического лечения.	Острая зубная боль; кровоточивость дёсен; вопрос лечения стоматологического диагноза.	structured_price	https://wwc.best/media/products/EU-N000030-25/1.jpg.webp	approved_draft	Seed 2026-08-19. Черновик для доработки владельцем. Комплаенс: без гарантий лечения. Фото: wwc.best webp.
whieda	EU-N000032-25	Набор растительного красящего шампуня	Красящий шампунь	cosmetics	Набор растительного красящего шампуня — формат с расческой-дозатором для мягкого закрашивания седины без аммиака и агрессивных окислителей.	Люди с седыми прядями, которые хотят обновлять цвет дома без резкого запаха краски и без «убитой» структуры волос.	появилась седина и не хочется салонной химии; нужен домашний формат «расчесал — подождал — смыл»; важен состав без аммиака; хотите поддерживать цвет регулярно	Нанесите шампунь через расческу-дозатор на сухие или слегка влажные волосы по инструкции, выдержите рекомендованное время и смойте.	Его ценят за более мягкое закрашивание и уходовый эффект за счёт растительных компонентов вместо жёсткой салонной химии.	индивидуальная непереносимость; поврежденная кожа головы; аллергия на компоненты краски	Не обещать стойкое salon-окрашивание, лечение алопеции или восстановление волос после химического повреждения.	Сильная аллергическая реакция; ожог кожи головы; вопрос лечения трихологического диагноза.	structured_price	https://wwc.best/media/products/EU-N000032-25/1.jpg.webp	approved_draft	Seed 2026-08-19. Черновик для доработки владельцем. Комплаенс: без гарантий лечения. Фото: wwc.best webp.
whieda	EU-N000036-26	Подарочный набор косметики Fundesee*2	Набор Fundesee ×2	cosmetics	Подарочный набор косметики Fundesee ×2 — двойной комплект шестиэтапного ухода Fundesee, когда нужен запас или подарок сразу на два полных ритуала.	Партнёры и клиенты, которым нужен подарочный формат с понятной ценностью и два набора в одной SKU.	подарок сразу двум людям; хотите запас любимого набора Fundesee; комплект для презентации; семейный запас ухода	Каждый из двух наборов используйте как стандартный шестиэтапный ритуал Fundesee по инструкции на упаковке каждого продукта.	Тот же опыт, что у одиночного набора C065, но в формате двойного комплекта — удобно для подарка или длительного запаса.	индивидуальная непереносимость компонентов; выраженное воспаление кожи	Не обещать клинический лифтинг или лечение кожных диагнозов.	Сильная аллергическая реакция; вопрос лечения дерматологического диагноза.	structured_price	https://wwc.best/media/products/EU-N000036-26/1.jpg.webp	approved_draft	Seed 2026-08-19. Черновик для доработки владельцем. Комплаенс: без гарантий лечения. Фото: wwc.best webp.
whieda	F087-00	Леденцы со спирулиной (5 шт)	Леденцы со спирулиной	consumables	Леденцы со спирулиной (5 шт) — удобный формат спирулины «на ходу», когда таблетки неудобны, а хочется быстро взять порцию растительного белка и микроэлементов.	Люди, которым нравится спирулина, но нужен карманный формат; родители и занятые пользователи, которым проще леденец, чем таблетки.	неудобно пить таблетки спирулины; нужен быстрый формат в дороге или офисе; уже знакомы со спирулиной WHIEDA	Рассасывайте леденец как обычную конфету по инструкции на упаковке, не превышая рекомендованное количество в день.	Их берут как простой вход в линейку спирулины: формат понятнее таблеток, а состав опирается на ту же спирулину WHIEDA.	индивидуальная непереносимость; аутоиммунные заболевания — только после консультации с врачом; детям — по возрастной инструкции	Не обещать лечение анемии, онкологии, аутоиммунных заболеваний или замену медикаментов.	Аутоиммунный диагноз; беременность; аллергическая реакция; вопрос детской дозировки.	structured_price	https://wwc.best/media/products/F087-00/1.jpg.webp	approved_draft	Seed 2026-08-19. Черновик для доработки владельцем. Комплаенс: без гарантий лечения. Фото: wwc.best webp.
whieda	T001	Наколенники	Наколенники	home_wellness	Турмалиновые наколенники Health Priority — функциональный текстиль для зоны колена, когда сустав ноет от нагрузки, погоды или длительной ходьбы.	Люди с дискомфортом в коленях после работы на ногах, прогулок или физической нагрузки, которые уже знакомы с линейкой Health Priority.	колено ноет на погоду; после прогулки или работы на ногах; ищете размер наколенника; дополнение к стелькам и поясу	Носите наколенники на коленный сустав по инструкции и подбору размера. Время ношения — по комфорту и рекомендациям производителя.	Их используют как мягкую локальную поддержку колена в быту — без обещания «лечения» диагноза.	острые травмы и отёк; открытые раны; индивидуальная непереносимость; кардиостимулятор — уточнить у врача	Не обещать лечение артрита, менiscus tear, онкологии или замену ортопедического лечения.	Острая травма; сильный отёк; вопрос после операции; вопрос лечения диагноза.	structured_price	https://wwc.best/media/products/T001/1.jpg.webp	approved_draft	Seed 2026-08-19. Черновик для доработки владельцем. Комплаенс: без гарантий лечения. Фото: wwc.best webp.
whieda	T002-00	Шейная накладка	Шейная накладка	home_wellness	Шейная накладка Health Priority — мягкий функциональный текстиль для зоны шеи и плеч, когда воротниковая зона зажата после работы за компьютером или в дороге.	Офисные сотрудники, водители и путешественники с хроническим напряжением в шее — по той же логике, что палантин T015, но в формате шейной накладки.	шея «деревянная» к вечеру; сквозняк в машине или офисе; дополнение к палантину; ищете шейный формат Health Priority	Носите накладку на шею и плечи по инструкции в течение дня или отдыха, когда чувствуете напряжение в воротниковой зоне.	Её воспринимают как деликатную поддержку шеи без мазей и пластырей — в одной линейке с палантином и Health Priority текстилем.	острые травмы шеи; высокая температура; индивидуальная непереносимость; кардиостимулятор — уточнить у врача	Не обещать лечение остеохондроза, грыж, инсульта или замену медицинской терапии.	Острая боль в шее; онемение рук; головокружение; вопрос после травмы.	structured_price	https://wwc.best/media/products/T002-00/1.jpg.webp	approved_draft	Seed 2026-08-19. Черновик для доработки владельцем. Комплаенс: без гарантий лечения. Фото: wwc.best webp.
whieda	T003	Магнитный пояс	Магнитный пояс	home_wellness	Магнитный пояс Health Priority — функциональный пояс для поясницы и живота, когда тянет спину после работы, хочется локального тепла или поддержки без мазей.	Люди с сидячей работой, дискомфортом в пояснице и теми, кто уже использует Health Priority текстиль (стельки, палантин, наколенники).	поясница ноет после сидения; хочется мягкого тепла в области поясницы; дополнение к стелькам; ищете пояс в линейке WHIEDA	Носите пояс на поясницу или живот по инструкции и подбору размера. Время ношения — по комфорту.	Его ценят как простой бытовой аксессуар поддержки спины — без обещаний «вылечить» диагноз.	беременность; кардиостимулятор; острые воспаления; металлические импланты в зоне — уточнить у врача	Не обещать лечение почек, грыж, бесплодия, диабета или замену медицинского лечения.	Беременность; кардиостимулятор; острая боль; вопрос лечения диагноза.	structured_price	https://wwc.best/media/products/T003/1.jpg.webp	approved_draft	Seed 2026-08-19. Черновик для доработки владельцем. Комплаенс: без гарантий лечения. Фото: wwc.best webp.
whieda	T023	Носки Health Priority	Носки Health Priority	home_wellness	Носки Health Priority — функциональный текстиль для стоп той же линейки, что стельки и палантин. Формат на каждый день, без обещания лечения.	Люди, которые уже используют стельки, палантин или другие Health Priority продукты и хотят усилить «текстильный» слой ухода за стопами.	стопы устают к вечеру; ищете носки линейки Health Priority; дополнение к стелькам D013; холодные или «тяжёлые» ноги	Носите как обычные носки в повседневной обуви в течение дня. Меняйте и стирайте по стандартному уходу за текстилем.	Их воспринимают как простой ежедневный аксессуар комфорта для стоп в экосистеме Health Priority.	открытые раны на стопах; мокнущие раны; индивидуальная непереносимость материалов	Не обещать лечение варикоза, диабета, грибка или замену медицинского лечения.	Гнойное воспаление; диабетическая стопа; вопрос лечения диагноза.	structured_price	https://wwc.best/media/products/T023/1.jpg.webp	approved_draft	Seed 2026-08-19. Черновик для доработки владельцем. Комплаенс: без гарантий лечения. Фото: wwc.best webp.
