sku,canonical_name,category,alias_count,alias_examples,has_card,has_primary_photo,extra_photo_count,video_count,cert_pdf_count,retail_byn,partner_byn,pv_present,section_coverage,presentation_grade,missing_fields,source_refs,rendered_length,rendered_sections,renderer_defects,rendered_preview
C002-00,Увлажняющий гель,cosmetics,0,,False,True,1,0,1,True,True,True,no_card,blocked,product_cards:row_missing,snapshot=20260811T172219Z; products.tsv; product_cards.tsv:missing,0,0,,(no card)
C006-00,Омолаживающий спрей с лифтинг эффектом,cosmetics,0,,False,True,2,0,1,True,True,True,no_card,blocked,product_cards:row_missing,snapshot=20260811T172219Z; products.tsv; product_cards.tsv:missing,0,0,,(no card)
C033-00,Омолаживающая маска с лифтинг эффектом,cosmetics,0,,False,True,5,0,1,True,True,True,no_card,blocked,product_cards:row_missing,snapshot=20260811T172219Z; products.tsv; product_cards.tsv:missing,0,0,,(no card)
C061-00,Масло-эссенция Fundesee,other,0,,False,True,1,0,1,True,True,True,no_card,blocked,product_cards:row_missing,snapshot=20260811T172219Z; products.tsv; product_cards.tsv:missing,0,0,,(no card)
C065-00,Подарочный набор косметики Fundesee,cosmetics,0,,False,True,1,0,8,True,True,True,no_card,blocked,product_cards:row_missing,snapshot=20260811T172219Z; products.tsv; product_cards.tsv:missing,0,0,,(no card)
D003-00,Анионовые прокладки (Бокс 19 шт),home_wellness,2,прокладки; анионовые прокладки,True,True,0,2,3,True,True,True,what_it_is=Y|who_asks_about_it=Y|common_use_cases=Y|how_to_use_short=Y|what_to_expect_soft=Y|contraindications_short=Y,showcase_ready,,snapshot=20260811T172219Z; products.tsv; product_cards.tsv,1004,6,,
D004-00,Анионовые прокладки (ежедневные 16 упак),home_wellness,1,ежедневные прокладки,False,True,1,0,2,True,True,True,no_card,blocked,product_cards:row_missing,snapshot=20260811T172219Z; products.tsv; product_cards.tsv:missing,0,0,,(no card)
D011-00,Гель очищающий Foherb,home_wellness,3,очищающий гель foherb; вагинальный гель,True,True,3,1,2,True,True,True,what_it_is=Y|who_asks_about_it=Y|common_use_cases=Y|how_to_use_short=Y|what_to_expect_soft=Y|contraindications_short=Y,showcase_ready,,snapshot=20260811T172219Z; products.tsv; product_cards.tsv,916,6,,
D013,Стельки с анионами,accessory,3,стельки; стельки с анионами,True,True,1,2,2,True,True,True,what_it_is=Y|who_asks_about_it=Y|common_use_cases=Y|how_to_use_short=Y|what_to_expect_soft=Y|contraindications_short=Y,showcase_ready,,snapshot=20260811T172219Z; products.tsv; product_cards.tsv,1272,6,,
D013-06,Стельки с анионами 45-46,home_wellness,0,,False,True,1,0,1,True,True,True,no_card,blocked,product_cards:row_missing,snapshot=20260811T172219Z; products.tsv; product_cards.tsv:missing,0,0,,(no card)
D014,Высокотехнологичные компьютерные очки,accessory,6,очки; компьютерные очки,True,True,3,0,1,True,True,True,what_it_is=Y|who_asks_about_it=Y|common_use_cases=Y|how_to_use_short=Y|what_to_expect_soft=Y|contraindications_short=Y,showcase_ready,resources:video_optional,snapshot=20260811T172219Z; products.tsv; product_cards.tsv,1291,6,,
D017-00,Водородный стержень (2шт),device,1,водородный стержень,True,True,1,1,0,True,True,True,what_it_is=Y|who_asks_about_it=Y|common_use_cases=Y|how_to_use_short=Y|what_to_expect_soft=Y|contraindications_short=Y,showcase_ready,resources:certificate_or_pdf_optional,snapshot=20260811T172219Z; products.tsv; product_cards.tsv,990,6,,
E028-00,Каталог продукции WHIEDA,other,0,,False,True,1,0,1,True,True,False,no_card,blocked,product_cards:row_missing,snapshot=20260811T172219Z; products.tsv; product_cards.tsv:missing,0,0,,(no card)
EU-N000014-24,Система для здорового сна 4 в 1,other,0,,False,True,2,0,0,True,True,True,no_card,blocked,product_cards:row_missing,snapshot=20260811T172219Z; products.tsv; product_cards.tsv:missing,0,0,,(no card)
EU-N000021-24,Набор Массажёра Magic Foherb 3.0 (TUV),device,7,magic foherb; magic foherb 3.0,True,True,0,3,3,True,True,True,what_it_is=Y|who_asks_about_it=Y|common_use_cases=Y|how_to_use_short=Y|what_to_expect_soft=Y|contraindications_short=Y,showcase_ready,,snapshot=20260811T172219Z; products.tsv; product_cards.tsv,1458,6,,
EU-N000024-24,Набор прибора Вэнтун 1.0,device,12,вэнтун; вентун,True,True,1,3,2,True,True,True,what_it_is=Y|who_asks_about_it=Y|common_use_cases=Y|how_to_use_short=Y|what_to_expect_soft=Y|contraindications_short=Y,showcase_ready,,snapshot=20260811T172219Z; products.tsv; product_cards.tsv,1383,6,,
EU-N000030-25,Зубная паста с экстрактом полыни (new)*6,cosmetics,3,зубная паста; паста зубная,False,True,1,0,1,True,True,True,no_card,blocked,product_cards:row_missing,snapshot=20260811T172219Z; products.tsv; product_cards.tsv:missing,0,0,,(no card)
EU-N000031-25,Активатор клеток PRO (комплект),device,5,активатор pro; активатор про,True,True,0,1,4,True,True,True,what_it_is=Y|who_asks_about_it=Y|common_use_cases=Y|how_to_use_short=Y|what_to_expect_soft=Y|contraindications_short=Y,showcase_ready,,snapshot=20260811T172219Z; products.tsv; product_cards.tsv,1533,6,,
EU-N000032-25,Набор растительного красящего шампуня,cosmetics,0,,False,True,1,0,1,True,True,True,no_card,blocked,product_cards:row_missing,snapshot=20260811T172219Z; products.tsv; product_cards.tsv:missing,0,0,,(no card)
EU-N000036-26,Подарочный набор косметики Fundesee*2,cosmetics,0,,False,True,1,0,7,True,False,True,no_card,blocked,product_cards:row_missing,snapshot=20260811T172219Z; products.tsv; product_cards.tsv:missing,0,0,,(no card)
F001-02,Эликсир Фохоу,consumables,10,фохоу; эликсир фохоу,True,True,1,2,2,True,True,True,what_it_is=Y|who_asks_about_it=Y|common_use_cases=Y|how_to_use_short=Y|what_to_expect_soft=Y|contraindications_short=Y,showcase_ready,,snapshot=20260811T172219Z; products.tsv; product_cards.tsv,990,6,,
F002-02,Эликсир 3 Драгоценности,consumables,6,3 драгоценности; три драгоценности,True,True,1,1,2,True,True,True,what_it_is=Y|who_asks_about_it=Y|common_use_cases=Y|how_to_use_short=Y|what_to_expect_soft=Y|contraindications_short=Y,showcase_ready,,snapshot=20260811T172219Z; products.tsv; product_cards.tsv,1002,6,,
F003-02,Эликсир Саньцин,consumables,9,саньцин; синцин,True,True,2,1,2,True,True,True,what_it_is=Y|who_asks_about_it=Y|common_use_cases=Y|how_to_use_short=Y|what_to_expect_soft=Y|contraindications_short=Y,showcase_ready,,snapshot=20260811T172219Z; products.tsv; product_cards.tsv,1043,6,,
F007-00,"Капсулы Железо, Кальций, Цинк, Селен",consumables,3,цинк; железо кальций цинк селен,True,True,1,0,1,True,True,True,what_it_is=Y|who_asks_about_it=Y|common_use_cases=Y|how_to_use_short=Y|what_to_expect_soft=Y|contraindications_short=Y,showcase_ready,resources:video_optional,snapshot=20260811T172219Z; products.tsv; product_cards.tsv,981,6,,
F011-02,Роза Фохоу,consumables,2,роза фохоу; роза,True,True,0,0,1,True,True,True,what_it_is=Y|who_asks_about_it=Y|common_use_cases=Y|how_to_use_short=Y|what_to_expect_soft=Y|contraindications_short=Y,showcase_ready,resources:video_optional,snapshot=20260811T172219Z; products.tsv; product_cards.tsv,922,6,,
F024-00,Капсулы Сюэчинфу,consumables,3,сюэчинфу; капсулы сюэчинфу,True,True,1,1,1,True,True,True,what_it_is=Y|who_asks_about_it=Y|common_use_cases=Y|how_to_use_short=Y|what_to_expect_soft=Y|contraindications_short=Y,showcase_ready,,snapshot=20260811T172219Z; products.tsv; product_cards.tsv,1052,6,,
F028-00,Капсулы линчжи ФОХОУ,consumables,8,линчжи; капсулы линчжи,True,True,1,1,1,True,True,True,what_it_is=Y|who_asks_about_it=Y|common_use_cases=Y|how_to_use_short=Y|what_to_expect_soft=Y|contraindications_short=Y,showcase_ready,,snapshot=20260811T172219Z; products.tsv; product_cards.tsv,962,6,,
F031-00,Чай Лювэй,consumables,2,чай лювэй; чай лю вэй,True,True,2,1,2,True,True,True,what_it_is=Y|who_asks_about_it=Y|common_use_cases=Y|how_to_use_short=Y|what_to_expect_soft=Y|contraindications_short=Y,showcase_ready,,snapshot=20260811T172219Z; products.tsv; product_cards.tsv,977,6,,
F034-00,Кофейный напиток с кордицепсом и коллагеном,consumables,1,кофе с кордицепсом,True,True,3,1,1,True,True,True,what_it_is=Y|who_asks_about_it=Y|common_use_cases=Y|how_to_use_short=Y|what_to_expect_soft=Y|contraindications_short=Y,showcase_ready,,snapshot=20260811T172219Z; products.tsv; product_cards.tsv,1023,6,,
F036-00,Спирулина,consumables,1,спирулина,True,True,5,0,1,True,True,True,what_it_is=Y|who_asks_about_it=Y|common_use_cases=Y|how_to_use_short=Y|what_to_expect_soft=Y|contraindications_short=Y,showcase_ready,resources:video_optional,snapshot=20260811T172219Z; products.tsv; product_cards.tsv,874,6,,
F038-00,Низкомолекулярный соевый пептид,consumables,6,соевый пептид; пептид,True,True,1,3,1,True,True,True,what_it_is=Y|who_asks_about_it=Y|common_use_cases=Y|how_to_use_short=Y|what_to_expect_soft=Y|contraindications_short=Y,showcase_ready,,snapshot=20260811T172219Z; products.tsv; product_cards.tsv,1023,6,,
F071-00,Паста Цинфэн,consumables,2,цинфэн; паста цинфэн,True,True,5,0,1,True,True,True,what_it_is=Y|who_asks_about_it=Y|common_use_cases=Y|how_to_use_short=Y|what_to_expect_soft=Y|contraindications_short=Y,showcase_ready,resources:video_optional,snapshot=20260811T172219Z; products.tsv; product_cards.tsv,882,6,,
F087-00,Леденцы со спирулиной (5 шт),consumables,0,,False,True,4,0,1,True,True,True,no_card,blocked,product_cards:row_missing,snapshot=20260811T172219Z; products.tsv; product_cards.tsv:missing,0,0,,(no card)
M014-00,"МИНИСАУНА ""БА-ГУА""",device,9,сауна багуа; багуа,True,True,0,1,1,True,True,True,what_it_is=Y|who_asks_about_it=Y|common_use_cases=Y|how_to_use_short=Y|what_to_expect_soft=Y|contraindications_short=Y,showcase_ready,,snapshot=20260811T172219Z; products.tsv; product_cards.tsv,1408,6,,
M015-00,Активатор клеток,device,4,активатор клеток; активатор,True,True,0,3,1,True,True,True,what_it_is=Y|who_asks_about_it=Y|common_use_cases=Y|how_to_use_short=Y|what_to_expect_soft=Y|contraindications_short=Y,showcase_ready,,snapshot=20260811T172219Z; products.tsv; product_cards.tsv,1727,6,,
T001,Наколенники,home_wellness,0,,False,True,1,0,0,True,False,True,no_card,blocked,product_cards:row_missing,snapshot=20260811T172219Z; products.tsv; product_cards.tsv:missing,0,0,,(no card)
T002-00,Шейная накладка,home_wellness,0,,False,True,1,0,0,True,False,True,no_card,blocked,product_cards:row_missing,snapshot=20260811T172219Z; products.tsv; product_cards.tsv:missing,0,0,,(no card)
T003,Магнитный пояс,home_wellness,5,пояс; магнитный пояс,False,True,1,0,0,True,False,True,no_card,blocked,product_cards:row_missing,snapshot=20260811T172219Z; products.tsv; product_cards.tsv:missing,0,0,,
T015,Палантин,accessory,6,палантин; энергетический палантин,True,True,0,1,1,True,True,True,what_it_is=Y|who_asks_about_it=Y|common_use_cases=Y|how_to_use_short=Y|what_to_expect_soft=Y|contraindications_short=Y,showcase_ready,,snapshot=20260811T172219Z; products.tsv; product_cards.tsv,1278,6,,
T023,Носки Health Priority,home_wellness,0,,False,True,1,0,1,True,True,True,no_card,blocked,product_cards:row_missing,snapshot=20260811T172219Z; products.tsv; product_cards.tsv:missing,0,0,,
