sku	canonical_name	by_retail_byn	by_retail_w	by_retail_pv	by_repeat_byn	by_repeat_w	by_repeat_pv	ru_retail_rub	ru_retail_w	ru_retail_pv	ru_repeat_rub	ru_repeat_w	ru_repeat_pv	in_by	in_ru	notes
M015-00	Активатор клеток	1750	500	500	1050	300	300	50000	500	500	30000	300	300	TRUE	TRUE	
EU-N000031-25	Активатор клеток PRO	2275	650	500	1400	400	300	65000	650	500	40000	400	300	TRUE	TRUE	
EU-N000024-24	Вентун 1.0	7000	2000	1500	5250	1500	1000	200000	2000	1500	150000	1500	1000	TRUE	TRUE	
EU-N000021-24	Массажёр Magic FoHerb 3.0	2275	650	500	1750	500	400	65000	650	500	50000	500	400	TRUE	TRUE	
D014	Высокотехнологичные компьютерные очки	192.5	55	50	87.5	25	25	5500	55	50	2500	25	25	TRUE	TRUE	
M014-00	Минисауна «Ба-Гуа»	2380	680	500	1575	450	300	68000	680	500	45000	450	300	TRUE	TRUE	
D017-00	Водородный стержень	175	50	50	87.5	25	25	5000	50	50	2500	25	25	TRUE	TRUE	
D059-20	Высокотехнологичные фотохромные очки	280	80	60	175	50	30	8000	80	60	5000	50	30	TRUE	TRUE	
D013	Стельки с анионами	385	110	100	227.5	65	60	11000	110	100	6500	65	60	TRUE	TRUE	
D013-06	Стельки с анионами — 45–46	402.5	115	100	245	70	60	11500	115	100	7000	70	60	TRUE	TRUE	
D003-00	Анионовые прокладки (бокс 19 шт)	245	70	50	210	60	40	7000	70	50	6000	60	40	TRUE	TRUE	
D004-00	Анионовые прокладки (ежедневные, 16 уп.)	262.5	75	50	210	60	40	7500	75	50	6000	60	40	TRUE	TRUE	
T015	Палантин	472.5	135	100	350	100	80	13500	135	100	10000	100	80	TRUE	TRUE	
T023	Носки Health Priority	227.5	65	50	157.5	45	30	6500	65	50	4500	45	30	TRUE	TRUE	
T003	Магнитный пояс	700	200	150	525	150	100	20000	200	150	15000	150	100	TRUE	TRUE	
T001	Наколенники	262.5	75	50	157.5	45	30	7500	75	50	4500	45	30	TRUE	TRUE	
T002-00	Шейная накладка	262.5	75	50	157.5	45	30	7500	75	50	4500	45	30	TRUE	TRUE	
EU-N000014-24	Система для здорового сна 4-в-1	7000	2000	1500	5250	1500	1000	205000	2050	1500	155000	1550	1000	TRUE	TRUE	
F028-00	Капсулы Линчжи Фохоу	70	20	15	52.5	15	10	2000	20	15	1500	15	10	TRUE	TRUE	
F038-00	Низкомолекулярный соевый пептид	192.5	55	50	105	30	25	5500	55	50	3000	30	25	TRUE	TRUE	
F001-02	Эликсир Фохоу	115.5	33	25	70	20	15	3300	33	25	2000	20	15	TRUE	TRUE	
F002-02	Эликсир «3 Драгоценности»	115.5	33	25	70	20	15	3300	33	25	2000	20	15	TRUE	TRUE	
F003-02	Эликсир Саньцин	115.5	33	25	70	20	15	3300	33	25	2000	20	15	TRUE	TRUE	
F024-00	Капсулы Сюэчинфу	157.5	45	40	122.5	35	30	4500	45	40	3500	35	30	TRUE	TRUE	
F011-02	Паста «Роза Фохоу»	45.5	13	10	28	8	5	1300	13	10	800	8	5	TRUE	TRUE	
F034-00	Кофейный напиток с кордицепсом и коллагеном	175	50	30	140	40	25	5000	50	30	4000	40	25	TRUE	TRUE	
F036-00	Спирулина	245	70	50	175	50	40	7000	70	50	5000	50	40	TRUE	TRUE	
F031-00	Чай Лювэй	45.5	13	10	28	8	5	1300	13	10	800	8	5	TRUE	TRUE	
F071-00	Паста Цинфэн	350	100	70	245	70	50	10000	100	70	7000	70	50	TRUE	TRUE	
F007-00	Капсулы «Железо, Кальций, Цинк, Селен»	70	20	15	52.5	15	10	2000	20	15	1500	15	10	TRUE	TRUE	
F087-00	Леденцы со спирулиной (5 шт)				70	20	15	2500	25	20	2000	20	15	TRUE	TRUE	
C033-00	Омолаживающая маска с лифтинг-эффектом	455	130	100	280	80	50							TRUE	FALSE	
C006-00	Омолаживающий спрей с лифтинг-эффектом	192.5	55	50	122.5	35	30	5500	55	50	3500	35	30	TRUE	TRUE	
C065-00	Подарочный набор косметики Fundesee	1155	330	250	735	210	150	33000	330	250	21000	210	150	TRUE	TRUE	
EU-N000036-26	Подарочный набор косметики Fundesee ×2	2275	650	500				65000	650	500				TRUE	TRUE	
C061-00	Масло-эссенция Fundesee	245	70	50	157.5	45	30	7000	70	50	4500	45	30	TRUE	TRUE	
C002-00	Увлажняющий гель	52.5	15	10	28	8	5	1500	15	10	800	8	5	TRUE	TRUE	
D011-00	Гель очищающий Foherb	122.5	35	25	87.5	25	15	3500	35	25	2500	25	15	TRUE	TRUE	
EU-N000030-25	Зубная паста с экстрактом полыни (×6)	87.5	25	15	70	20	10	2500	25	15	2000	20	10	TRUE	TRUE	
EU-N000032-25	Набор растительного красящего шампуня	157.5	45	30	122.5	35	20	4500	45	30	3500	35	20	TRUE	TRUE	
repeat-only-1	Гель для интимной гигиены (50 ml)				35	10	5				1000	10	5	TRUE	TRUE	
repeat-only-2	AYALA Natural Marine Collagen				157.5	45	30				4500	45	30	TRUE	TRUE	
repeat-only-3	Энергетический крем (2 шт)				105	30	15				3000	30	15	TRUE	TRUE	
repeat-only-4	Комплект постельного белья из 4 предметов				875	250	150				25000	250	150	TRUE	TRUE	
repeat-only-5	Массажный крем (6 шт)				122.5	35	15				3500	35	15	TRUE	TRUE	
repeat-only-6	Гель для интимной гигиены (240 ml)				122.5	35	20				3500	35	20	TRUE	TRUE	
repeat-only-7	Подушка с анионами (2 шт)				525	150	100							TRUE	FALSE	
repeat-only-8	Электродные подушечки (Массажёр Magic Foherb 3.0)				3.5	1	0				100	1	0	TRUE	TRUE	
repeat-only-9	Набор красного блокнота WHIEDA				35	10	5				1000	10	5	TRUE	TRUE	
repeat-only-10	Руководство по эксплуатации активатора клеток				7	2	0				200	2	0	TRUE	TRUE	
repeat-only-11	Перчатки (M–XL) ×2				42	12	0				1200	12	0	TRUE	TRUE	
repeat-only-12	Футболки										1500	15	5	FALSE	TRUE	
repeat-only-13	Сумка из нетканого материала				35	10	0				1000	10	0	TRUE	TRUE	
repeat-only-14	Двойное одеяло с анионами и ИК-излучением				3850	1100	850				110000	1100	850	TRUE	TRUE	
repeat-only-15	Чемодан				350	100	20				10000	100	20	TRUE	TRUE	
repeat-only-16	Феникс-подушка для путешествий										1200	12	0	FALSE	TRUE	
repeat-only-17	Арома-подушечки				52.5	15	5				1500	15	5	TRUE	TRUE	
repeat-only-18	Лазерный провод 3.0 TUV										500	5	0	FALSE	TRUE	
repeat-only-19	Импульсный провод										300	3	0	FALSE	TRUE	
repeat-only-20	Сменный фильтр для устройства очистки воздуха										1500	15	5	FALSE	TRUE	
repeat-only-21	Нагревательный пояс прибора Вэнтун 1.0										5000	50	0	FALSE	TRUE	
repeat-only-22	Хлопковый фильтр				7	2	0				200	2	0	TRUE	TRUE	
repeat-only-23	Адаптер										500	5	0	FALSE	TRUE	
repeat-only-24	Гель для интимной гигиены (240 ml + 50 ml)				157.5	45	30							TRUE	FALSE	
repeat-only-25	Растительный красящий шампунь + маска для волос				70	20	10							TRUE	FALSE	
repeat-only-26	Расчёска с функцией окрашивания волос				52.5	15	10							TRUE	FALSE	
repeat-only-27	Руководство по использованию массажёра Magic FoHerb				7	2	0							TRUE	FALSE	
	Комплексный белковый протеин	175	50	30	140	40	25							TRUE	FALSE	нет на сайте
	Подушка «Здоровый сон» (1 шт), предпродажа							15000	150	90	11000	110	60	FALSE	TRUE	нет на сайте
	Адаптер 3.0 TUV										300	3	0	FALSE	TRUE	нет на сайте; отдельный SKU от «Адаптер»
