name	first_w	first_byn	first_pv	repeat_w	repeat_byn	repeat_pv	repeat_fourth	stock	in_first	in_repeat
AYALA Natural Marine Collagen				45	157.5	30	10	есть	нет	да
Активатор клеток	500	1750	500	300	1050	300	200	есть	да	да
АКТИВАТОР КЛЕТОК Pro	650	2275	500	400	1400	300	250	есть	да	да
Активатор клеток pro set	650	2275	500	400	1400	300	250	есть	да	да
Анионовые прокладки (Бокс 19 шт)	70	245	50	60	210	40	10	есть	да	да
Анионовые прокладки (ежедневные 16 упак)	75	262.5	50	60	210	40	15	есть	да	да
Арома-подушечки				15	52.5	5	5	нет в наличии	нет	да
Водородный стержень (2 шт)	50	175	50	25	87.5	25	25	есть	да	да
Высокотехнологичные компьютерные очки	55	192.5	50	25	87.5	25	25	есть	да	да
Алдын ала сату ВЫСОКОТЕХНОЛОГИЧНЫЕ ФОТОХРОМНЫЕ ОЧКИ	80	280	60	50	175	30	30	есть	да	да
Гель для интимной гигиены（240ml）				35	122.5	20	10	есть	нет	да
Гель для интимной гигиены (240ml+50ml)				45	157.5	30	10	есть	нет	да
Гель для интимной гигиены（50ml）				10	35	5	2	есть	нет	да
Гель очищающий Foherb	35	122.5	25	25	87.5	15	10	есть	да	да
Зубная паста с экстрактом полыни (new)*6	25	87.5	15	20	70	10	5	есть	да	да
Капсулы Железо, Кальций, Цинк, Селен	20	70	15	15	52.5	10	5	есть	да	да
КАПСУЛЫ ЛИНЧЖИ ФОХОУ	20	70	15	15	52.5	10	5	есть	да	да
Капсулы Сюэчинфу	45	157.5	40	35	122.5	30	10	есть	да	да
Комплексный белковый протеин	50	175	30	40	140	25	10	есть	да	да
Комплект постельного белья из 4 предметов				250	875	150	100	есть	нет	да
Кофейный напиток с кордицепсом и коллагеном	50	175	30	40	140	25	10	есть	да	да
Леденцы со спирулиной (5 шт)				20	70	15	5	есть	нет	да
Магнитный пояс	200	700	150	150	525	100	50	есть	да	да
Масло-эссенция Fundesee	70	245	50	45	157.5	30	25	есть	да	да
Массажёр magic FOHERB 3.0 (tuv)	650	2275	500	500	1750	400	150	есть	да	да
Массажный крем (6шт)				35	122.5	15	15	есть	нет	да
МИНИСАУНА "БА-ГУА"	680	2380	500	450	1575	300	230	есть	да	да
Набор красного блокнота WHIEDA				10	35	5	5	есть	нет	да
Набор прибора вэнтун 1.0	2000	7000	1500	1500	5250	1000	500	есть	да	да
Набор растительного красящего шампуня	45	157.5	30	35	122.5	20	10	есть	да	да
Наколенники	75	262.5	50	45	157.5	30	30	есть	да	да
Низкомолекулярный соевый пептид	55	192.5	50	30	105	25	20	есть	да	да
Носки Health Priority	65	227.5	50	45	157.5	30	20	есть	да	да
Омолаживающая маска с лифтинг эффектом	130	455	100	80	280	50	50	есть	да	да
Омолаживающий спрей с лифтинг эффектом	55	192.5	50	35	122.5	30	20	есть	да	да
Палантин	135	472.5	100	100	350	80	35	есть	да	да
Паста Цинфэн	100	350	70	70	245	50	30	есть	да	да
Перчатки(M-XL)*2				12	42	0	5	есть	нет	да
Подарочный набор косметики Fundesee	330	1155	250	210	735	150	120	есть	да	да
Подарочный набор косметики Fundesee*2	650	2275	500					есть	да	нет
Подушка, заряженная отрицательными ионами*2				150	525	100	100	есть	нет	да
ПОДУШКА "ЗДОРОВЫЙ СОН"(1 шт)	150	525	90	110	385	60	40	есть	да	да
Растительный красящий шампунь для волос + Маска для волос				20	70	10	5	есть	нет	да
Расческа с функцией окрашивания волос				15	52.5	10	5	есть	нет	да
Роза Фохоу	13	45.5	10	8	28	5	4	есть	да	да
Руководство по использованию массажера MAGIC FOHERB				2	7	0		есть	нет	да
Руководство по эксплуатации активатора клеток				2	7	0		нет в наличии	нет	да
Сдвоенное одеяло с анионами и ИК излучением				1100	3850	850	300	есть	нет	да
Система для здорового сна 4 в 1	2000	7000	1500	1500	5250	1000	500	есть	да	да
Спирулина	70	245	50	50	175	40	20	есть	да	да
Стельки с анионами	110	385	100	65	227.5	60	45	есть	да	да
Стельки с анионами 45-46	115	402.5	100	70	245	60	45	есть	да	да
Сумка из нетканого материала				10	35	0		есть	нет	да
Увлажняющий гель	15	52.5	10	8	28	5	7	есть	да	да
Хлопковый фильтр				2	7	0		нет в наличии	нет	да
Чай Лювэй	13	45.5	10	8	28	5	4	есть	да	да
Чемодан				100	350	20		есть	нет	да
Шейная накладка	75	262.5	50	45	157.5	30	30	есть	да	да
Электродные подушечки для Массажера (3.0)				1	3.5	0		есть	нет	да
Эликсир 3 Драгоценности	33	115.5	25	20	70	15	10	есть	да	да
Эликсир Саньцин	33	115.5	25	20	70	15	10	есть	да	да
Эликсир Фохоу	33	115.5	25	20	70	15	10	есть	да	да
Энергетический крем (2шт)				30	105	15	20	есть	нет	да
