список	казахское название	мастер / sku	подробности
другое название	АКТИВАТОР КЛЕТОК Pro	Активатор клеток PRO (комплект) / EU-N000031-25	
другое название	Активатор клеток pro set	Активатор клеток PRO (комплект) / EU-N000031-25	
другое название	Водородный стержень (2 шт)	Водородный стержень (2шт) / D017-00	
другое название	Массажёр magic FOHERB 3.0 (tuv)	Набор Массажёра Magic Foherb 3.0 (TUV) / EU-N000021-24	
другое название	Омолаживающая маска с лифтинг эффектом	Омолаживающая маска с лифтинг эффектом Fundesee / C033-00	
другое название	Омолаживающий спрей с лифтинг эффектом	Омолаживающий спрей с лифтинг эффектом Fundesee / C006-00	
другое название	Увлажняющий гель	Увлажняющий гель Fundesee / C002-00	
расхождение	Магнитный пояс	T003	вторичка W$: в мастере пусто, в Казахстане 150; вторичка BYN: в мастере пусто, в Казахстане 525
расхождение	Наколенники	T001	вторичка W$: в мастере пусто, в Казахстане 45; вторичка BYN: в мастере пусто, в Казахстане 157.5
расхождение	Носки Health Priority	T023	PV: Казахстан 50, мастер 20
расхождение	Омолаживающий спрей с лифтинг эффектом	C006-00	PV: Казахстан 50, мастер 20
расхождение	Шейная накладка	T002-00	вторичка W$: в мастере пусто, в Казахстане 45; вторичка BYN: в мастере пусто, в Казахстане 157.5
новый товар	AYALA Natural Marine Collagen		первичка — W$ / —, вторичка 45 W$ / 157.5, PV 30, есть
новый товар	Алдын ала сату ВЫСОКОТЕХНОЛОГИЧНЫЕ ФОТОХРОМНЫЕ ОЧКИ		первичка 80 W$ / 280, вторичка 50 W$ / 175, PV 60, есть
новый товар	Арома-подушечки		первичка — W$ / —, вторичка 15 W$ / 52.5, PV 5, нет в наличии
новый товар	Гель для интимной гигиены (240ml+50ml)		первичка — W$ / —, вторичка 45 W$ / 157.5, PV 30, есть
новый товар	Гель для интимной гигиены（240ml）		первичка — W$ / —, вторичка 35 W$ / 122.5, PV 20, есть
новый товар	Гель для интимной гигиены（50ml）		первичка — W$ / —, вторичка 10 W$ / 35, PV 5, есть
новый товар	Комплексный белковый протеин		первичка 50 W$ / 175, вторичка 40 W$ / 140, PV 30, есть
новый товар	Комплект постельного белья из 4 предметов		первичка — W$ / —, вторичка 250 W$ / 875, PV 150, есть
новый товар	Массажный крем (6шт)		первичка — W$ / —, вторичка 35 W$ / 122.5, PV 15, есть
новый товар	Набор красного блокнота WHIEDA		первичка — W$ / —, вторичка 10 W$ / 35, PV 5, есть
новый товар	ПОДУШКА "ЗДОРОВЫЙ СОН"(1 шт)		первичка 150 W$ / 525, вторичка 110 W$ / 385, PV 90, есть
новый товар	Перчатки(M-XL)*2		первичка — W$ / —, вторичка 12 W$ / 42, PV 0, есть
новый товар	Подушка, заряженная отрицательными ионами*2		первичка — W$ / —, вторичка 150 W$ / 525, PV 100, есть
новый товар	Растительный красящий шампунь для волос + Маска для волос		первичка — W$ / —, вторичка 20 W$ / 70, PV 10, есть
новый товар	Расческа с функцией окрашивания волос		первичка — W$ / —, вторичка 15 W$ / 52.5, PV 10, есть
новый товар	Руководство по использованию массажера MAGIC FOHERB		первичка — W$ / —, вторичка 2 W$ / 7, PV 0, есть
новый товар	Руководство по эксплуатации активатора клеток		первичка — W$ / —, вторичка 2 W$ / 7, PV 0, нет в наличии
новый товар	Сдвоенное одеяло с анионами и ИК излучением		первичка — W$ / —, вторичка 1100 W$ / 3850, PV 850, есть
новый товар	Сумка из нетканого материала		первичка — W$ / —, вторичка 10 W$ / 35, PV 0, есть
новый товар	Хлопковый фильтр		первичка — W$ / —, вторичка 2 W$ / 7, PV 0, нет в наличии
новый товар	Чемодан		первичка — W$ / —, вторичка 100 W$ / 350, PV 20, есть
новый товар	Электродные подушечки для Массажера (3.0)		первичка — W$ / —, вторичка 1 W$ / 3.5, PV 0, есть
новый товар	Энергетический крем (2шт)		первичка — W$ / —, вторичка 30 W$ / 105, PV 15, есть
нет в Казахстане		Каталог продукции WHIEDA / E028-00	первичка 2 W$
